assembly.gene_count.bacteria_archea_rRNA.16S_rRNA	0
assembly.gene_count.bacteria_archea_rRNA.23S_rRNA	0
assembly.gene_count.bacteria_archea_rRNA.5S_rRNA	0
assembly.gene_count.bacteria_archea_rRNA.RNaseP_rRNA	0
assembly.gene_count.bacteria_archea_rRNA.SRP_rRNA	0
assembly.gene_count.eukarya_rRNA.18S_rRNA	0
assembly.gene_count.eukarya_rRNA.23S_rRNA	0
assembly.gene_count.eukarya_rRNA.5_8S_rRNA	0
assembly.gene_count.eukarya_rRNA.5S_rRNA	0
assembly.gene_count.tRNA.Ala	0
assembly.gene_count.tRNA.Arg	0
assembly.gene_count.tRNA.Asn	0
assembly.gene_count.tRNA.Asp	0
assembly.gene_count.tRNA.Cys	1
assembly.gene_count.tRNA.Gln	0
assembly.gene_count.tRNA.Glu	0
assembly.gene_count.tRNA.Gly	0
assembly.gene_count.tRNA.His	0
assembly.gene_count.tRNA.Ile	0
assembly.gene_count.tRNA.Leu	0
assembly.gene_count.tRNA.Lys	0
assembly.gene_count.tRNA.Met	0
assembly.gene_count.tRNA.Phe	0
assembly.gene_count.tRNA.Pro	0
assembly.gene_count.tRNA.Ser	0
assembly.gene_count.tRNA.Thr	0
assembly.gene_count.tRNA.Trp	0
assembly.gene_count.tRNA.Tyr	1
assembly.gene_count.tRNA.Val	0
assembly.size_metrics.CDS.count	592
assembly.size_metrics.CDS.l50	144
assembly.size_metrics.CDS.n50	1251
assembly.size_metrics.CDS.sum_length	540039
assembly.size_metrics.all.count	1188
assembly.size_metrics.all.l50	287
assembly.size_metrics.all.n50	1251
assembly.size_metrics.all.sum_length	1080398
assembly.size_metrics.rRNA.count	0
assembly.size_metrics.rRNA.l50	0
assembly.size_metrics.rRNA.n50	0
assembly.size_metrics.rRNA.sum_length	0
assembly.size_metrics.repeat_region.count	0
assembly.size_metrics.repeat_region.l50	0
assembly.size_metrics.repeat_region.n50	0
assembly.size_metrics.repeat_region.sum_length	0
assembly.size_metrics.tRNA.count	2
assembly.size_metrics.tRNA.l50	1
assembly.size_metrics.tRNA.n50	86
assembly.size_metrics.tRNA.sum_length	160
comparison.gene_count.bacteria_archea_rRNA.16S_rRNA	0
comparison.gene_count.bacteria_archea_rRNA.23S_rRNA	0
comparison.gene_count.bacteria_archea_rRNA.5S_rRNA	0
comparison.gene_count.bacteria_archea_rRNA.RNaseP_rRNA	0
comparison.gene_count.bacteria_archea_rRNA.SRP_rRNA	0
comparison.gene_count.eukarya_rRNA.18S_rRNA	0
comparison.gene_count.eukarya_rRNA.23S_rRNA	0
comparison.gene_count.eukarya_rRNA.5_8S_rRNA	0
comparison.gene_count.eukarya_rRNA.5S_rRNA	0
comparison.gene_count.tRNA.Ala	0
comparison.gene_count.tRNA.Arg	0
comparison.gene_count.tRNA.Asn	0
comparison.gene_count.tRNA.Asp	0
comparison.gene_count.tRNA.Cys	0
comparison.gene_count.tRNA.Gln	0
comparison.gene_count.tRNA.Glu	0
comparison.gene_count.tRNA.Gly	0
comparison.gene_count.tRNA.His	0
comparison.gene_count.tRNA.Ile	0
comparison.gene_count.tRNA.Leu	0
comparison.gene_count.tRNA.Lys	0
comparison.gene_count.tRNA.Met	0
comparison.gene_count.tRNA.Phe	0
comparison.gene_count.tRNA.Pro	0
comparison.gene_count.tRNA.Ser	0
comparison.gene_count.tRNA.Thr	0
comparison.gene_count.tRNA.Trp	0
comparison.gene_count.tRNA.Tyr	0
comparison.gene_count.tRNA.Val	0
comparison.gene_set_agreement.bacteria_archea_rRNA	true
comparison.gene_set_agreement.eukarya_rRNA	true
comparison.gene_set_agreement.tRNA	true
comparison.gene_set_overlap.CDS.n_assembly_only	185
comparison.gene_set_overlap.CDS.n_intersect	407
comparison.gene_set_overlap.CDS.n_reference_only	141
comparison.gene_set_overlap.CDS.n_symmetric_difference	326
comparison.gene_set_overlap.CDS.perc_assembly_only	0.252387448840382
comparison.gene_set_overlap.CDS.perc_intersect	0.5552523874488404
comparison.gene_set_overlap.CDS.perc_reference_only	0.19236016371077763
comparison.gene_set_overlap.CDS.perc_symmetric_difference	0.44474761255115963
comparison.gene_set_overlap.all.n_assembly_only	185
comparison.gene_set_overlap.all.n_intersect	409
comparison.gene_set_overlap.all.n_reference_only	141
comparison.gene_set_overlap.all.n_symmetric_difference	326
comparison.gene_set_overlap.all.perc_assembly_only	0.25170068027210885
comparison.gene_set_overlap.all.perc_intersect	0.5564625850340136
comparison.gene_set_overlap.all.perc_reference_only	0.19183673469387755
comparison.gene_set_overlap.all.perc_symmetric_difference	0.4435374149659864
comparison.gene_set_overlap.rRNA.n_assembly_only	0
comparison.gene_set_overlap.rRNA.n_intersect	0
comparison.gene_set_overlap.rRNA.n_reference_only	0
comparison.gene_set_overlap.rRNA.n_symmetric_difference	0
comparison.gene_set_overlap.rRNA.perc_assembly_only	0
comparison.gene_set_overlap.rRNA.perc_intersect	0
comparison.gene_set_overlap.rRNA.perc_reference_only	0
comparison.gene_set_overlap.rRNA.perc_symmetric_difference	0
comparison.gene_set_overlap.repeat_region.n_assembly_only	0
comparison.gene_set_overlap.repeat_region.n_intersect	0
comparison.gene_set_overlap.repeat_region.n_reference_only	0
comparison.gene_set_overlap.repeat_region.n_symmetric_difference	0
comparison.gene_set_overlap.repeat_region.perc_assembly_only	0
comparison.gene_set_overlap.repeat_region.perc_intersect	0
comparison.gene_set_overlap.repeat_region.perc_reference_only	0
comparison.gene_set_overlap.repeat_region.perc_symmetric_difference	0
comparison.gene_set_overlap.tRNA.n_assembly_only	0
comparison.gene_set_overlap.tRNA.n_intersect	2
comparison.gene_set_overlap.tRNA.n_reference_only	0
comparison.gene_set_overlap.tRNA.n_symmetric_difference	0
comparison.gene_set_overlap.tRNA.perc_assembly_only	0
comparison.gene_set_overlap.tRNA.perc_intersect	1
comparison.gene_set_overlap.tRNA.perc_reference_only	0
comparison.gene_set_overlap.tRNA.perc_symmetric_difference	0
comparison.size_metrics.CDS.lg50	181
comparison.size_metrics.CDS.ng50	1089
comparison.size_metrics.all.lg50	362
comparison.size_metrics.all.ng50	1089
comparison.size_metrics.rRNA.lg50	0
comparison.size_metrics.rRNA.ng50	0
comparison.size_metrics.repeat_region.lg50	0
comparison.size_metrics.repeat_region.ng50	0
comparison.size_metrics.tRNA.lg50	1
comparison.size_metrics.tRNA.ng50	86
reference.gene_count.bacteria_archea_rRNA.16S_rRNA	0
reference.gene_count.bacteria_archea_rRNA.23S_rRNA	0
reference.gene_count.bacteria_archea_rRNA.5S_rRNA	0
reference.gene_count.bacteria_archea_rRNA.RNaseP_rRNA	0
reference.gene_count.bacteria_archea_rRNA.SRP_rRNA	0
reference.gene_count.eukarya_rRNA.18S_rRNA	0
reference.gene_count.eukarya_rRNA.23S_rRNA	0
reference.gene_count.eukarya_rRNA.5_8S_rRNA	0
reference.gene_count.eukarya_rRNA.5S_rRNA	0
reference.gene_count.tRNA.Ala	0
reference.gene_count.tRNA.Arg	0
reference.gene_count.tRNA.Asn	0
reference.gene_count.tRNA.Asp	0
reference.gene_count.tRNA.Cys	1
reference.gene_count.tRNA.Gln	0
reference.gene_count.tRNA.Glu	0
reference.gene_count.tRNA.Gly	0
reference.gene_count.tRNA.His	0
reference.gene_count.tRNA.Ile	0
reference.gene_count.tRNA.Leu	0
reference.gene_count.tRNA.Lys	0
reference.gene_count.tRNA.Met	0
reference.gene_count.tRNA.Phe	0
reference.gene_count.tRNA.Pro	0
reference.gene_count.tRNA.Ser	0
reference.gene_count.tRNA.Thr	0
reference.gene_count.tRNA.Trp	0
reference.gene_count.tRNA.Tyr	1
reference.gene_count.tRNA.Val	0
reference.size_metrics.CDS.count	548
reference.size_metrics.CDS.l50	140
reference.size_metrics.CDS.n50	1473
reference.size_metrics.CDS.sum_length	627339
reference.size_metrics.all.count	1100
reference.size_metrics.all.l50	279
reference.size_metrics.all.n50	1473
reference.size_metrics.all.sum_length	1254998
reference.size_metrics.rRNA.count	0
reference.size_metrics.rRNA.l50	0
reference.size_metrics.rRNA.n50	0
reference.size_metrics.rRNA.sum_length	0
reference.size_metrics.repeat_region.count	0
reference.size_metrics.repeat_region.l50	0
reference.size_metrics.repeat_region.n50	0
reference.size_metrics.repeat_region.sum_length	0
reference.size_metrics.tRNA.count	2
reference.size_metrics.tRNA.l50	1
reference.size_metrics.tRNA.n50	86
reference.size_metrics.tRNA.sum_length	160
